{
  "project_info": {
    "project_number": "290541974375",
    "project_id": "info6350xhz",
    "storage_bucket": "info6350xhz.appspot.com"
  },
  "client": [
    {
      "client_info": {
        "mobilesdk_app_id": "1:290541974375:android:dfd5991fac6f7f1bc475c2",
        "android_client_info": {
          "package_name": "com.mycompany.info6350"
        }
      },
      "oauth_client": [
        {
          "client_id": "290541974375-5mb0rf6i4sa6o063amp2u24ctbsiq764.apps.googleusercontent.com",
          "client_type": 1,
          "android_info": {
            "package_name": "com.mycompany.info6350",
            "certificate_hash": "9bbb3186b2189ef16d8f272bdab59362c395cbb4"
          }
        },
        {
          "client_id": "290541974375-nkl3i65ecdrpdpgi3sgtpitdngcuh6i3.apps.googleusercontent.com",
          "client_type": 3
        }
      ],
      "api_key": [
        {
          "current_key": "AIzaSyC1OAWAs_SRTQwE_z6gHnzH7E25lVzerLo"
        }
      ],
      "services": {
        "appinvite_service": {
          "other_platform_oauth_client": [
            {
              "client_id": "290541974375-nkl3i65ecdrpdpgi3sgtpitdngcuh6i3.apps.googleusercontent.com",
              "client_type": 3
            },
            {
              "client_id": "290541974375-sacdgsout892jmt4b6o3t4hjvokvsskk.apps.googleusercontent.com",
              "client_type": 2,
              "ios_info": {
                "bundle_id": "com.mycompany.info6350"
              }
            }
          ]
        }
      }
    }
  ],
  "configuration_version": "1"
}